caminho,especializacao,nome,custo_pe,tipo_acao,conjuracao,efeito_resumo,aprimoramento_a,aprimoramento_b
Andarilho,(base),Companheiro Feral,—,—,Não,"Ganha uma Criatura Aliada; inclui técnicas Domar Criatura (Ação Simples) e Ataque Sincronizado",Sincronia Selvagem: ativa com Resultado Natural 8+ (Precisão/Canalização),Fortalecer Companheiro: +1 categoria de dado no Golpe Brutal/Evocação Mística da Criatura Aliada
Andarilho,(base),Descendente dos Filhos da Floresta,—,Ação Simples ou Iniciativa,Não,"Transformação: vira Animal Selvagem OU ganha 2 Características (Comuns/Ferais Fácil) até o fim do combate",Aprimorar Transformação: +1 Característica adicional,Maestria Primitiva: +1 Característica adicional
Andarilho,(base),Perturbação Lúgubre,2,Ação Ativa,Sim,"Condição Mágica 1 min: amplifica dano futuro no Alvo em 1d8 Imaterial e bloqueia regeneração de PV/PE",Forças Malditas: +2 na Dif. do teste de Espírito,Conectar o Fim: +1 Alvo (+1 a cada 3 pontos de Canalização)
Andarilho,(base),Forças do Ciclo,1,Ação Ativa,Sim,"Ataque Mágico a 6m (Natureza ou Profano) = PE máximo; aplica Tributo (drena PE do alvo para regenerar PE de aliado)",Dominação das Forças do Ciclo: +2 na Dif. do teste de Espírito,Sinergia Natural: -2 na Dif. do teste de Canalização
Andarilho,(base),Enfeitiçar,2,Ação Ativa,Sim,"Condição Mágica (Foco) 1 min: Alvo passa a agir como aliado, sem ações ofensivas contra você",Poder da Mente: +2 na Dif. do teste de Espírito,Mestre Enfeitiçador: remove status de Foco e reduz custo em 1 PE
Andarilho,(base),Grilhões Primais,1,Ação Rápida,Sim,"Vinhas prendem Alvo a 6m (Imóvel) se falhar em Vigor Dif.8; -1 em Defesa enquanto Imóvel",Grilhões Ancestrais: +2 na Dif. do teste de Vigor,Controle Primal: teste de Vigor do Alvo recebe Inaptidão
Andarilho,(base),Explorador de Auroria,—,—,Não,"Identifica stats de criaturas do Homuncularium a 8m; ganha Adaptação Selvagem (ignora 1 Característica 1x/combate) + 1 Técnica de Sobrevivência à escolha",Conhecimento Selvagem: Adaptação Selvagem reduz categoria de dado do alvo,Sobrevivencialista: +2 Técnicas de Sobrevivência
Andarilho,(base),Invólucro Cinzento,1,Ação Rápida,Sim,"Reflete Efeito Negativo/Condição Mágica recebida de volta ao Alvo (Espírito Dif.8)",Sussurros da Floresta: +2 na Dif. do teste de Espírito,Prática Maldita: pode usar 2x na mesma rodada
Andarilho,(base),Decreto Lunar,2,Ação Simples,Sim,"Condição Mágica/Efeito Positivo (Foco) 1 min a 6m: Lua Crescente (Aptidão 1x/rodada) ou Lua Minguante (Inaptidão 1x/rodada)",Presente das Três Guardiãs: você também recebe o Efeito Positivo aplicado,Augúrio Lunar: +2 na Dif. do teste de Espírito da Lua Minguante
Andarilho,(base),Técnica Musical,1,Ação Simples,Sim,"Melodia a 4m: Verso (+2m Movimentação) OU Refrão (+1 teste de Parâmetro/Bloqueio) OU Ponte (cura = metade do PE máximo)",Técnica Mística: Teste de Destino Dif.10 regenera 1 PE,Execução Rápida: Ação Simples vira Ação Acelerada
Combatente,(base),Adrenalina,1,Ação Simples,Não,"Até o fim do combate, +Brutalidade no 1º Dano Físico de cada turno (não acumula); Movimentação não pode ser reduzida enquanto ativo",Mestre da Guerra: +1 e Prioridade no próximo teste de Precisão ao ser ferido,Movimentação Frenética: +2m de Movimentação enquanto ativo
Combatente,(base),Discípulo do Corpo e da Mente,—,—,Não,"Ataques Desarmados passam a causar 1d4 + 1d4 por ponto de Brutalidade ou Destreza; ganha Sequência Marcial (1 PE: ataque desarmado extra)",Corpo Marcial: escolhe Propriedade (Impacto/Perfurar/Prioridade) para os Ataques Desarmados no combate,Despertar do Corpo e Mente: regenera 1 PE ao acertar com Resultado Natural 10+ (1x/rodada)
Combatente,(base),Encantamentos Rúnicos,2,Ação Simples,Não,"Foco 1 min: encanta Armadura/Escudo/Armamento com efeito à escolha (Proteção Rúnica, Baluarte Mágico, Encantamento Elemental ou Lâmina Arcana)",Praticidade Mística: Ação Simples vira Ação Acelerada,Duplicar Encantamento: aplica um 2º efeito (mesmo ou outro equipamento)
Combatente,(base),Ensinamentos do Templo Cinzento,—,—,Não,"Ganha Avanço Místico (1 PE: teleporte 3m + dano em área após acerto), Energizar (+2m alcance de Ataques Físicos) e Truque Arcano (1 Feitiço Arcano)",Reação Mística: Avanço Místico vira Ação Acelerada,Energia Cinzenta: dano do Avanço Místico atinge área (3m) em vez de 1 Alvo
Combatente,(base),Perito com Armamentos Corpo a Corpo,—,—,Não,"Ganha Manejo com Armamentos Leves/Pesados (troca de arma grátis / +1 Dano Base) e Ciclone de Aço (2 PE: dano em área, Defesa Dif.8)",Técnica Inescapável: +2 na Dif. de Defesa do Ciclone de Aço,Impacto de Aço: quem falhar no Ciclone de Aço fica Caído
Combatente,(base),Perseguidor do Véu,—,—,Não,"Aptidão em Ataque Físico contra quem conjurou recentemente a 6m; sente Conjurações num raio de 10m",Resguardo Escarlate: Aptidão no 1º teste de Espírito da rodada em combate,Oprimir Conjuradores: Inaptidão no 1º Ataque Mágico contra você na rodada
Combatente,(base),Punição Escarlate,1,Ação Rápida,Não,"Aplica Penitente (1 min) após acerto físico: conjuração do Alvo penitente causa dano nele mesmo (Espírito Dif.8 remove)",Penitência Maior: +2 na Dif. do teste de Espírito,O Propósito: Ação Rápida vira Ação Acelerada
Combatente,(base),Técnicas Marciais,1,Ação Rápida,Não,"Após acerto físico a 1m, realiza uma Manobra de Combate grátis (sem custo de Ação Ativa)",Fluidez de Combate: remove o custo de PE,Perito em Manobras: transforma a Aptidão em Aptidão Aprimorada
Combatente,(base),Calor da Batalha,—,Iniciativa,Não,"Ganha PV temporários = PE máximo (+2 por Vigor); ganha Recuperar o Fôlego (Ação Simples, 1x/combate: regen. 1d4+Vigor PV e 1 PE)",Resistência Lendária de Neros: Aptidão em testes de Vigor,Técnica de Regeneração: +1 categoria de dado na regeneração de PV do Recuperar o Fôlego
Combatente,(base),Perito com Equipamentos Defensivos,—,—,Não,"Remove Inaptidão de Armaduras; com Escudo ganha Postura Defensiva (Ação Simples: +1 Bloqueio) e Proteger (1 PE: vira alvo de um ataque em seu lugar)",Treinamento de Ferro: imune a Caído; +2 na Dif. de Crítico contra você com Escudo,Escudeiro: pode usar Proteger 2x na mesma rodada
Devoto,(base),Lampejo Celestial,—,—,Sim,"Acerto 10+ soma metade do PE máx. como Dano de Luz (1x/turno)",Favor de Ofir: ativa com Resultado Natural 8,Dádiva Celestial: regenera 2x Espírito em PV ao causar dano de Luz
Devoto,(base),Poder Abissal,2,Ação Ativa,Sim,"Foco 1 min: dano de Trevas = PE máx. a 6m, repetido a cada turno seu enquanto ativo",Peso Abissal: +2 Dif.,Influência Sombria: Inaptidão no teste de Espírito
Devoto,(base),Barreira Protetora,1,Ação Simples,Sim,"Concede 1d4 (+1d4/Espírito) PV Temporários a um Alvo a 6m; metade Maximizada se ele estiver com menos da metade do PV",Barreira Vinculada: recebe metade do PVT ao usar em outro Alvo,Proteção Célere: vira Ação Acelerada
Devoto,(base),Aspecto da Grandeza,—,Iniciativa,Sim,"Efeito Positivo: 1º dano/cura do Alvo na rodada += Espírito+1, até o fim do combate",Aperfeiçoar Aspecto: efeito não pode ser reduzido; usa mesmo com 2 Iniciativas gastas,Exalar Grandeza: +1 Alvo (a cada 3 Espírito)
Devoto,(base),Bênção Radiante,2,Ação Simples,Sim,"Foco 1 min: quem ferir o Alvo protegido recebe metade do PE máx. como Dano de Luz (1x/turno)",Ensinamentos Radiantes: vira Ação Acelerada,Fortalecer Bênção: Foco não removível + -1 PE
Devoto,(base),Centelha de Édona,2,Ação Ativa,Sim,"Efeito Positivo 1 min: escolhe Centelha da Balança/Ordem/Caos (bônus defensivo/ofensivo variado); pode trocar com 1 PE",Presente Divino: pode acumular mais de uma Centelha,Receptáculo de Édona: você também recebe o efeito ao aplicá-lo
Devoto,(base),Dádiva de Édona,—,—,Sim,"No Repouso Completo, escolhe efeito de Balança/Ordem/Caos até o próximo Repouso",Ampliar Dádiva: ocorre a cada Repouso comum,Abraçar o Panteão: ganha um efeito adicional
Devoto,(base),Elo Espiritual,2,Ação Ativa,Sim,"Efeito Positivo: aliado ganha 2 PE Temp.; pode usar Espírito do conjurador no lugar do dele 1x/teste (Ação Rápida)",Conexão Célere: vira Ação Acelerada,Lampejo Espiritual: usa a Ação Rápida 2x na rodada
Devoto,(base),Revitalizar,1,Ação Ativa,Sim,"Cura 1d6 (+1d6/Espírito) PV; pode gastar 2 PE extra em Consagrar (remove Sangramento/Envenenado)",Toque Vital: pode re-rolar dados de cura 1x/turno,Purificador: -1 PE em Consagrar
Devoto,(base),Presente do Abismo,2,Ação Rápida,Sim,"1x/rodada: Maximiza metade dos dados de um dano/cura de Alvo a 6m, ou soma metade do PE máx. se não houver dados",Escolhido das Trevas: usa 2x na rodada,Sinergia Abissal: efeito também aplica no seu próximo dano/cura
Feiticeiro,(base),Esfera Espiral Soberana,2,Ação Ativa,Sim,"Explosão em área 3m: 1d8 (+1d8/Arcanismo) Dano Mágico Neutro, metade se passar em Agilidade Dif.8",Destruição Arcana: +2 Dif.,Perfurar os Céus: +1 categoria de dado
Feiticeiro,(base),Explosão de Sangue,X PV,Ação Ativa,Sim,"Dano imaterial (1d8+1d8/Arcanismo) a 6m (Vigor Dif.8); Resultado Natural 6- aplica Sangramento; cura ao ferir sangrando",Manipular Força Vital: +2 Dif.,Pressão Sangrenta: Inaptidão no teste de Vigor
Feiticeiro,(base),Moldar Elemento,2,Ação Simples,Sim,"Efeito Positivo 1 min: escolhe elemento; converte dano Neutro nele e ganha efeito único por elemento 1x/rodada",Sagacidade Elemental: vira Ação Acelerada,Iniciado Elemental: troca o elemento no início do turno
Feiticeiro,(base),Campo Elemental,1,Ação Ativa,Sim,"Foco 1 min: zona elemental (1d6+1d6/Arcanismo por turno) num raio de 3m",Zona Caótica: vira Terreno Difícil (sem Corrida),Maestria Elemental: deixa de ser Foco (só 1 por vez) e +2m de área
Feiticeiro,(base),Perito com Armamentos Mágicos,—,—,Não,"Catalisador: Abalo Místico dá Aptidão no próximo ataque; Berloque: Rasga-Véu dá PE Temp. (máx. 2/rodada)",Sinergia Mística: reduz custo da próxima Conjuração ao acertar,Maestria com Armamentos Mágicos: ataques ignoram Aptidão/Prioridade na Defesa
Feiticeiro,(base),Rituais Sangrentos,—,—,Sim,"Ganha Poder Carmesim (X PV: +1 Parâmetro temporário) e Ligação de Sangue (X PV: usa PV de Alvo marcado nos seus custos)",Vislumbre Shatraq: +2 Dif. de Ligação de Sangue,Técnica Sangrenta: Ligação de Sangue vira Ação Acelerada
Feiticeiro,(base),Feitiçaria,—,—,Sim,"Ganha 5 Feitiços Arcanos + Rajada de Energia (1 PE, dano), Controlar o Véu (protege aliados de Conjuração), Armadura Arcana (2 PE, 2 Cargas de redução)",Revestimento Rápido: Armadura Arcana vira Ação Acelerada,Maestria Mística: remove custo de PE da Rajada de Energia
Feiticeiro,(base),Manipular a Fenda,2,Ação Rápida,Sim,Força um Alvo a 6m a refazer um teste de Parâmetro/Bloqueio (1x/turno/Alvo),Complexidade de Unala: usa 2x na rodada,Manipular o Destino: novo teste recebe +1 ou -1 à escolha
Feiticeiro,(base),Toque do Véu,—,—,Não,"Após Repouso, aprimora um equipamento tocado: armadura dá Prioridade em Bloqueio; arma aprimora uma Propriedade existente",Mestre Artesão: afeta mais equipamentos (a cada Canalização),Moldar Propriedades: também pode adicionar uma nova Propriedade (permanente)
Feiticeiro,(base),Velocidade Mística,—,Iniciativa,Sim,"Aliados a 6m: +1d4 na Iniciativa + Corrida grátis no 1º turno (opcional, 1x cada)",Aceleração Arcana: Corrida vira Movimentação,Triunfo Temporal: +1 categoria de dado
Ladino,(base),Armadilhas Místicas,2,Ação Ativa,Sim,"Cria armadilha invisível (Atordoante/Grudenta/Tóxica) que ativa ao ser pisada; pode ativar com Ação Rápida",Véu Criador: vira Ação Acelerada,Surpresa Mística: ativação vira Ação Acelerada
Ladino,(base),Disparo Debilitante,1,Ação Ativa,Não,"Ataque à distância aplica Caído (Parte Inferior) / Inaptidão (Parte Superior) / Sangramento (Parte Vital), à escolha",Pontos Expostos: +2 Dif. dos testes de Vigor,Disparo Preciso: +1 Precisão no próximo ataque contra o mesmo Alvo
Ladino,(base),Emboscar,—,Iniciativa,Não,"Corrida na Iniciativa + Aptidão em Precisão/Canalização/Defesa na 1ª rodada",Oportunista: Corrida vira Movimentação + ganha Prioridade também,Segunda Chance: pode refazer um teste da 1ª rodada
Ladino,(base),Estilo Único,—,—,Não,"Ganha Combate Híbrido (arma leve+à distância sem penalidade + recarrega Tambor grátis), Esgrimista (2 golpes com 1 arma leve) e Combo (+1 Precisão ao acertar)",Aprendizado Instantâneo: 2º golpe ganha Aptidão se o 1º falhar,Sequência: +1 no bônus de Combo
Ladino,(base),Revidar,2,Ação Rápida,Não,"Contra-ataca no fim do turno quem te atacou; sucesso em Agilidade dá +1 Precisão/Canalização",Movimentação Vingativa: pode se mover até o Alvo antes de atacar,Vingança Precisa: +1 adicional no bônus
Ladino,(base),Ladinagem,—,—,Não,"Ganha Maestria Assassina (+dano em ataque com Aptidão), Perito em Arremesso (dano total ao arremessar) e Sem Escapatória (ataque de oportunidade)",Corte Mortal de Lyferion: -1 permanente na Dif. de Crítico,Debilitar: Sem Escapatória aplica Inaptidão no Alvo
Ladino,(base),Manto das Sombras,2,Ação Ativa,Sim,"1 min: pode ficar Invisível; acerto 10+ permite ficar Invisível gastando 1 PE (1x/turno)",Caminhante das Sombras: ativa com Resultado Natural 8,Truques de Nistragard: Aptidão em Agilidade ao perder a Invisibilidade
Ladino,(base),Perito com Armamentos à Distância,—,—,Não,"Ganha Mirar (Ação Simples: +1 Precisão no turno), Arquearia (Prioridade em arcos/bestas), Manejo (sem penalidade de mão dupla) e recarga dupla grátis",Olhos de Águia: ignora Aptidão/Prioridade na Defesa,Técnica do Atirador: Revólver/Mosquete aplicam -1 Defesa futura
Ladino,(base),Reflexo Enganador,2,Ação Simples,Sim,"Foco 1 min: cria ilusão (1 Capacidade) que redireciona ataques de inimigos próximos (Espírito Dif.8)",Titereiro Místico: vira Ação Acelerada,Aprimorar Ilusão: +2 Dif.
Ladino,(base),Marca Sombria,2,Ação Simples,Sim,Condição Mágica 1 min: aplica Escuridão no Alvo,Símbolo Sombrio: +2 Dif.,Cicatriz Sombria: Inaptidão no teste de Espírito
Andarilho,Bardo,Melodista,—,—,Não,"Evolui Técnica Musical: dobra alcance e permite aplicar 2 efeitos ao mesmo tempo",O Grande Espetáculo: pode usar como Iniciativa mesmo já tendo usado 2 (grátis),Parte Favorita: dobra os valores de um efeito em um Alvo escolhido
Andarilho,Bardo,Manipulador Mental,—,—,Não,"Evolui Enfeitiçar: +1 Alvo (+1 a cada 3 Canalização); grátis fora de combate; ganha Comandos (Soltar/Mover/Ficar) via Ação Simples",Controle Total: pode ceder uma Ação Ativa ao Alvo enfeitiçado,Mestre da Mente: Comando vira Ação Acelerada (1x/turno) + Inaptidão no Alvo
Andarilho,Bardo,Instigar o Bando,—,Iniciativa,Não,"Você e aliados a 6m recebem Instigado: pode trocar por +1d4 num teste de Parâmetro",Véu Instigado: pode usar Instigado 2x,Enaltecer o Bando: Instigado também dá Aptidão
Andarilho,Bardo,Melodia Perturbadora,2,Ação Simples,Sim,"Área 4m: aplica Síncope/Modulação/Dissonância (efeitos condicionais até o próximo turno)",O Último Espetáculo: dobra alcance e -1 PE,Melodia Fluída: vira Ação Acelerada
Andarilho,Bardo,Sussurro Sonolento,5,Ação Ativa,Sim,"Condição Mágica (Foco) 1 min: Alvo dorme, sem Ação/Movimentação, Defesa vira Resultado Natural 1",Peso dos Sonhos: +2 Dif.,Hipnotizador Místico: Inaptidão no teste de Espírito
Andarilho,Bardo,Caminhante dos Reinos,—,—,Não,"Repouso Completo: remove +1 Exaustão em área; reduz 1 PE de uma habilidade; +1 Maestria; +1 Idioma",Poupar Recursos: reduz PE de outra habilidade,A Grande Jornada: +1 Maestria e +1 Idioma adicionais
Andarilho,Bardo,Exaltar Campeão,2,Ação Rápida,Sim,"Após aliado acertar, +1 num Parâmetro dele até o fim do próximo turno",Horda de Heróis: pode usar 2x na rodada,Arauto do Campeão: dobra alcance e -1 PE
Andarilho,Bardo,Impulso,1,Ação Rápida,Sim,Concede Corrida imediata a um Aliado a 6m,Chamar a Torcida: +1 Alvo (a cada 2 Canalização),Criar o Ritmo: dobra alcance e remove custo de PE
Andarilho,Caçador,Mestre das Feras,—,—,Não,"Evolui Companheiro Feral: +25 PV/+5 PE/+1 Poder/+1 Parâmetro à Criatura Aliada + 1 Característica extra",Evoluir Criatura Aliada: +1 Característica extra,Compartilhar Energias: Criatura Aliada recebe seus Efeitos Positivos
Andarilho,Caçador,Desbravador do Mundo Selvagem,—,—,Não,"Evolui Explorador de Auroria: aplica Adaptação Selvagem também em aliado; ganha Técnica de Sobrevivência Avançada",Perícia do Caçador: -1 Dif. de efeitos de Característica contra você,Aprendizado do Caçador Veterano: +2 Técnicas Avançadas
Andarilho,Caçador,A Caçada,—,Iniciativa,Não,"Marca uma criatura Homuncularium: 1º dano do turno contra ela + metade do PE máx.; dano não reduzível por Características",Nova Presa: reaplica em nova criatura ao matar a atual,Predador: Corrida grátis + -1 no 1º custo de PE por turno
Andarilho,Caçador,Técnicas de Emergência,—,—,Não,"Na 1ª vez a metade do PV: ignora um ataque (Defesa automática), sucesso automático em Vigor ou Espírito de Característica (1x cada)",Resguardo Físico: ignora 1x um dano em área de Característica,Emergência em Dobro: usa um efeito 2x no combate
Andarilho,Caçador,Mestre em Montaria,—,—,Não,"Montar não gasta Ação Simples; inimigos desmontados têm -1 Defesa contra você; Aptidão para não cair; ganha Investida (empurra+Atordoa)",Investida Devastadora: +2 Dif. de Vigor,Avanço Bruto: Inaptidão vira Aprimorada
Andarilho,Caçador,Desabilitar Característica,1,Ação Simples,Sim,"Foco 1 min: bloqueia efeitos de Características Comuns (exceto Minúsculo/Corpo Descomunal/Colosso) de uma criatura a 8m",Forçar a Matriz: +2 Dif.,Prender Essência: Inaptidão no teste
Andarilho,Caçador,Essências Místicas,2,Ação Rápida,Não,"Ao ferir criatura Homuncularium, ganha Essência (Jet/Kot/Nak/Zye) com bônus temático por 1 min",Manter Essências: mantém até 2 diferentes,Mestre de Essências: vira Ação Acelerada
Andarilho,Caçador,Identificar Ponto Fraco,2,Ação Ativa,Não,"Ataque contra criatura Homuncularium: Defesa dela usa metade da Agilidade/Bloqueio",Ataque Potencializado: Defesa não pode ter Prioridade/Aptidão,Treinamento Árduo: regenera 2 PE em acerto 8+
Andarilho,Druida,Espírito Selvagem,—,—,Não,"Evolui Descendente dos Filhos da Floresta: acesso a Primais, Características Normais, +2 Dif. de testes impostos, Transformação não cai ao Incapacitado",Metamorfose: troca 1 Característica por turno,Fúria dos Descendentes: +1 categoria de dado em Golpe Brutal/Evocação
Andarilho,Druida,Soberania Lunar,—,—,Não,"Evolui Decreto Lunar: +1 Alvo (a cada 3 Espírito), escolhe efeito individualmente por Alvo",Escolhido das Luas: +1 Alvo a cada 2 Espírito,Ascendência Lunar: vira Ação Acelerada
Andarilho,Druida,Clamar a Terra,3,Ação Ativa,Sim,"Invoca Golem aliado (Capacidade = Espírito+1); comandos Ataque Pesado (1d10 Físico) e Corpo Monumental (Meia Cobertura)",Técnica da Natureza: vira Ação Acelerada,Força da Terra: bônus do Ataque Pesado escala a cada 2 Espírito
Andarilho,Druida,Éfige da Grande Mãe,3,Ação Simples,Sim,"Foco 1 min: Estrutura (Capacidade = Espírito+1) permite absorver 1 dano por turno reduzindo PE máx. do dano",Ritual da Terra: vira Ação Acelerada,Conexão Primal: pode proteger aliados a 6m
Andarilho,Druida,Campeão Lunar,3,Ação Simples,Sim,"Foco: inimigo que causar dano em área perto de você recebe 2x Espírito como Dano Imaterial (1x/rodada/Alvo)",Magia Selvagem: vira Ação Acelerada,Emergir Forças da Natureza: dobra alcance e remove status de Foco
Andarilho,Druida,Furor Lunar,1-5,Ação Ativa,Sim,"Dano imaterial escalável (1/3/5 PE) com efeitos crescentes (Lentidão / +Inaptidão / bloqueia PE) contra Alvo a 8m",Peso Lunar: +2 Dif.,Sinergia Estelar: reduz custo a cada uso no combate (mín. 1 PE)
Andarilho,Druida,Druidismo,2,Ação Ativa,Sim,"Ignora Terreno Difícil e atravessa; ganha Terremoto (área vira Terreno Difícil 1h, Caído em Vigor Dif.10)",Abalos Sísmicos: -1 Precisão/Canalização/Defesa na área,Aperfeiçoar Terremoto: vira Ação Acelerada
Andarilho,Druida,Punição dos Espinhos,2,Ação Rápida,Sim,"Ao ser ferido, aplica Envenenado + Sangramento no atacante a 8m",Convocação Célere: usa 2x na rodada,Conexão de Aylon: também pode usar em aliados a 4m
Andarilho,Emissário,Convergência,—,—,Não,"Evolui Forças do Ciclo: efeito extra conforme dano Natureza (re-rola Canalização) ou Profano (Inaptidão para remover Tributo)",Arauto do Crepúsculo: ganha os dois efeitos,Poder do Ciclo: dobra o dano de Forças do Ciclo
Andarilho,Emissário,Furor da Natureza,—,—,Não,"Evolui Grilhões Primais: +1 Alvo (a cada 3 Canalização), +2m alcance, puxa voadores para o chão",Lampejo Primordial: usa 2x na rodada,Tributo Primordial: regenera PV por Alvo que falhou
Andarilho,Emissário,Drenar a Vida,2,Ação Simples,Sim,"Dano de Natureza/Profano a 8m (Vigor Dif.10) e regenera PV igual ao dano causado",Romper a Essência: +2 Dif.,Avatar do Ciclo: +1 Alvo (a cada 3 Canalização)
Andarilho,Emissário,Caminhante do Muro do Silêncio,—,—,Não,"Ao cair a 0 PV, permanece com PV = PE máximo em vez de Incapacitar (ainda ganha Exaustão)",Presente da Não-Vida: PV = 2x PE máximo,Manipular a Vida e a Morte: pode salvar aliados a 6m
Andarilho,Emissário,Escultor do Ciclo,—,—,Não,"Converte Dano Neutro em Natureza/Profano; dano de Natureza dá +regen. futura; dano Profano pune uso de PE do Alvo",Andarilho Cinzento: +1 categoria de dado nesses efeitos,Fim e Recomeço: mata com esse dano remove 1 Exaustão
Andarilho,Emissário,Dualidade,—,Iniciativa,Sim,"Escolhe Avivado (Resistência Natureza + dano mágico ignora reduções) ou Profanado (Resistência Profano + ignora PVT); bônus ao matar 1x/combate",Determinação do Emissário: efeito ocorre 2x no combate,Campeão do Ciclo: recebe ambos os efeitos
Andarilho,Emissário,Maestria do Crepúsculo,2,—,Sim,"Só com Grilhões Primais/Forças do Ciclo ativos: força Alvo a refazer o teste que resistiu",Cobrar o Tributo: Alvo perde 1 PE,Elevar a Maestria: remove custo de PE
Andarilho,Emissário,Florescência,4,Ação Ativa,Sim,"Foco 1 min: planta Vitalírio (compartilha regen./PVT) ou Botão Sepulcral (força teste com d12 puro)",Conjurador Natural: vira Ação Acelerada,Mega Florescência: +2 Capacidade e -1 PE
Andarilho,Ritualista,Pronunciador da Catástrofe,—,—,Não,"Evolui Perturbação Lúgubre: +1 categoria de dado a cada 3 Canalização; dano reaplicado em falha de remoção",Recompensa Imaterial: regenera PV = Canalização,Sinergia Caótica: regenera 1 PE por Alvo afetado próximo no seu turno
Andarilho,Ritualista,Força Negativa,—,—,Não,"Evolui Invólucro Cinzento: reflete também em Alvo adicional a 6m; teste de Espírito vira Inaptidão",Ruir o Véu: Inaptidão vira Aprimorada,Caminho Perdido: -1 em Parâmetros de quem falhar
Andarilho,Ritualista,Maldição,3,Ação Simples,Sim,"Condição Mágica 1 min: bloqueia remoção de outras Condições; falha em remover causa dano imaterial (metade do PE máx.)",Amaldiçoar: +2 Dif.,Consumir Tudo: dano = PE máximo total (não metade)
Andarilho,Ritualista,Primeiro Ritual,4,Ação Ativa,Sim,"Foco 1 min: vincula 2 Alvos — dano em um força teste no outro para receber metade do dano",Marca da Aflição: +2 Dif.,Conjurador Maldito: vira Ação Acelerada
Andarilho,Ritualista,Portador dos Maus Agouros,2,Ação Rápida,Sim,"Ao ser ferido, aplica de volta uma Condição Mágica de suas Habilidades no atacante (Espírito Dif.10)",Agouro Maior: +2 Dif.,Precursor dos Enfermos: usa 2x na rodada
Andarilho,Ritualista,Arauto da Entropia,—,Iniciativa,Sim,"Ganha pontos de Entropia (metade da Canalização); gasta 1 para realocar Condição Mágica removida em novo Alvo",Aspecto Entrópico: pontos de Entropia = Canalização total,Rumo ao Desconhecido: -1 PE em habilidades de Condição Mágica
Andarilho,Ritualista,Romper o Véu,3,Ação Ativa,Sim,"Condição Mágica 1 min: reduz todos os Parâmetros e Poder do Alvo em 1",Rasgar Espírito: +2 Dif.,Presságio Maldito: vira Ação Acelerada
Andarilho,Ritualista,Rituais Antigos,—,—,Não,"Ganha Ritual da Purificação (dissipa Conjurações em área) e Ritual da Proteção (evita Incapacitar 1x, ganha PE Temp. ao receber Condição Mágica)",Prática da Lua Negra: transfere Condição Mágica de aliado para si,Abraçar Agouro: +1 em Parâmetros enquanto tiver Condição Mágica
Combatente,Artista Marcial,Mestre do Corpo e da Mente,—,—,Não,"Evolui Discípulo do Corpo e da Mente: +1 categoria de dado; acerto desarmado dá +Agilidade acumulativo",Técnica do Primeiro Templo: pode re-rolar dados de dano 1x/turno,Velocidade Marcial: Sequência Marcial ganha Aptidão e Prioridade
Combatente,Artista Marcial,Perito com Manobras de Combate,—,—,Não,"Evolui Técnicas Marciais: potencializa Agarrar/Desarmar/Derrubar/Empurrar",Mestre em Manobras: Aptidão para resistir a Manobras,Acerto de Contas do Taverneiro: Alvos de suas Manobras têm Inaptidão para resistir
Combatente,Artista Marcial,Portões Interiores,4,Ação Simples,Não,"1 min: Aptidão+Prioridade em Agilidade; imune a Inaptidão em Parâmetros; remove e imuniza a Efeitos Negativos",Quebrar os Portões: -2 PE (grátis com metade do PV),Controlar Poder: vira Ação Acelerada
Combatente,Artista Marcial,Presença de Junkai,—,Iniciativa,Não,"Invoca figura espectral: Conflito (dano ao acertar desarmado) ou Harmonia (PVT ao causar/receber dano)",Discípulo do Conflito e da Harmonia: dobra os valores,Discípulo de Junkai: recebe ambos os efeitos
Combatente,Artista Marcial,Relâmpago de Jade,2,Ação Ativa,Não,"Movimentação + Ataque Físico; dano += Brutalidade/Destreza por metro percorrido",Técnica Perdida: repete por 1 PE em outro Alvo (dano reduzido),Impacto Esmeralda: acerto 8+ aplica Atordoado
Combatente,Artista Marcial,Ascensão Desperta,—,—,Não,"Bônus permanentes por Nível de Despertar: 6=regen dobrada+Exaustão extra; 9=+1 Parâmetro/limite; 12=Ação extra 1x/combate",Cultivo: imunidade a redução num Parâmetro escolhido,Preservação: imunidade a redução em outro Parâmetro escolhido
Combatente,Artista Marcial,Fúria do Dragão,2,Ação Ativa,Não,"Ataque Desarmado Maximizado; acerto 10+ ativa Cataclismo Dracônico (Caído + dano em área)",Adepto Dracônico: ativa com 8+,Obliteração Dracônica: +2 Dif. do teste de Agilidade da área
Combatente,Artista Marcial,Treinamento Defensivo,2,Ação Rápida,Não,"Sucesso em Agilidade redireciona ataque para Alvo a 1m + ganha Corrida",Sinergia do Fluxo: -1 PE (grátis com metade do PV),Técnica Defensiva: vira Ação Acelerada
Combatente,Guardião,Veterano da Guerra,—,—,Não,"Evolui Calor da Batalha: PVT += 4 por Vigor; Recuperar o Fôlego usável 2x/combate",Fôlego Extra: regenera 1d4 PE em vez de 1,Purgar Efeitos e Condições: remove Efeito Negativo e Condição Mágica ao usar Recuperar o Fôlego
Combatente,Guardião,Vanguarda,—,—,Não,"Evolui Perito com Equip. Defensivos: Aptidão em Bloqueio após falhar com Escudo; Postura Defensiva vira Acelerada; usa Bloqueio contra dano em área",Perito em Bloqueio: Aptidão vira Aprimorada,O Protetor: usa Proteger 2x/rodada sem custo extra
Combatente,Guardião,Conectar Energias,2,Ação Ativa,Sim,"Foco: inimigos a 3m não se afastam sem Espírito Dif.10; perdem Aptidão/Prioridade contra você",Energia Pesada: Inaptidão no teste,Forçar Oponentes: +2 Dif.
Combatente,Guardião,Presença do Mártir,—,Redução,Não,"Redireciona metade do dano de aliado a 3m para si (Dano Imaterial); Teste de Destino reduz esse dano pela metade",Mártir Inquebrável: -2 Dif. do Teste de Destino,Resistência Inabalável: -2 Dif. do Teste de Destino
Combatente,Guardião,Corrente Mística,3,Ação Ativa,Sim,"Puxa inimigo a 6m (Vigor Dif.10) e ataca; acerto aplica Atordoado",Técnica do Guardião: Inaptidão no teste de Vigor,Corrente Fortificada: +2 Dif.
Combatente,Guardião,Inquebrável,3,Ação Rápida,Sim,Impede reduzir PV abaixo de 1 no turno e ignora deslocamento/Fratura (exceto Queda),Corpo Imbatível: usa 2x na rodada,Último a Cair: ganha PVT = PE máximo ao evitar Incapacitar
Combatente,Guardião,Bastião Eterno,—,—,Não,Regenera 2x Vigor em PV no início do turno (com 1+ PV em combate),Regeneração Natural: regeneração vira 3x Vigor,A Verdadeira Defesa: reduz um Dano Físico em metade do PE máx. 1x/rodada
Combatente,Guardião,Táticas Defensivas,—,—,Não,"Bloqueio com Resultado Natural 10+: reduz próximo dano em Vigor OU regenera 1 PE",Manobra Defensiva: ativa com 8+,Tática Suprema: realiza os dois efeitos juntos
Combatente,Inquisidor,Precursor da Inquisição,—,—,Não,"Evolui Perseguidor do Véu: Aptidão vira Aprimorada; ignora 1 Conjuração/combate",Poder do Inquisidor: ignora +1 Conjuração,Ignorar o Vil: reduz Dano Mágico em metade do PE máx. 1x/rodada
Combatente,Inquisidor,Poder Escarlate,—,—,Não,"Evolui Punição Escarlate: teste de Espírito de Penitente vira Inaptidão; reduz Dano Mágico do Alvo",Peso do Penitente: Inaptidão vira Aprimorada,Energia Escarlate: remove custo de PE de Punição Escarlate
Combatente,Inquisidor,Mordaças da Expiação,4,Ação Simples,Não,"Foco 1 min: anula efeitos de Conjuração de um Alvo a 6m",Grilhões da Expiação: +2 Dif.,Duplicar Mordaças: +1 Alvo
Combatente,Inquisidor,Enfraquecer o Véu,—,—,Não,"Antes de um Alvo conjurar, força teste de Espírito ou recebe Enfraquecido (1x/turno/Alvo)",Desafiar o Véu: +2 Dif.,Punição do Juiz: falha também aplica Atordoado
Combatente,Inquisidor,Refletir Conjuração,3,Ação Rápida,Não,Redireciona Conjuração de Alvo único recebida para novo Alvo a 6m,Glória Escarlate: usa 2x na rodada,Ignorar Conjurações: também redireciona conjurações em área
Combatente,Inquisidor,Queimar o Véu,2,Ação Ativa,Não,"Alvo a 6m (Espírito Dif.10): +2 custo de PE e bloqueia redução de custo até o fim do próximo turno",Opressão Escarlate: +2 Dif.,Tarefa Comum: vira Ação Acelerada
Combatente,Inquisidor,Campeão Escarlate,—,Iniciativa,Não,"Marca inimigos com Sentença Escarlate; conjurar remove a marca e causa dano imaterial escalável ao PE gasto",Poder dos Justos: +1 categoria de dado,Veredito Final: +1 categoria de dado
Combatente,Inquisidor,Presença do Inquisidor,2,Ação Simples,Não,Reduz categoria de dado das Conjurações de dano/cura de um inimigo a 6m até o fim do próximo turno,Decreto do Inquisidor: afeta todos os inimigos a 6m,Arauto da Inquisição: vira Ação Acelerada
Combatente,Legionário Místico,Mestre Encantador,—,—,Não,"Evolui Encantamentos Rúnicos: dura até o Repouso; ganha efeito extra por tipo de equipamento",Fortalecer Armaduras e Escudos: Proteção Rúnica vira 2d6,Fortalecer Armamentos: Encantamento Elemental vira 2d6
Combatente,Legionário Místico,Combatente Místico,—,—,Não,"Evolui Ensinamentos do Templo Cinzento: +2 Feitiços Arcanos, +2m alcance de Energizar/Avanço Místico; ignora Meia Cobertura/Resistência Física",Força Mística: Avanço Místico aplica -1 no próximo teste do Alvo,Controlar Energia: remove custo de PE de Avanço Místico
Combatente,Legionário Místico,Ataque Energizado,2,Ação Simples,Sim,Próximo Dano Físico ganha Amplificar como Dano Mágico Neutro adicional,Fluxo de Combate: reduz custo após usar outra Conjuração,Preparo Eficaz: vira Ação Acelerada
Combatente,Legionário Místico,Canalizar,—,Iniciativa,Sim,"Foco: 1º Dano Físico do turno +1d4, escalando categoria de dado ao conjurar (até d20)",Segredos da Legião: Maximiza 1x/combate,Força Canalizada: deixa de ser Foco e ignora limite de Iniciativas
Combatente,Legionário Místico,Fluxo de Energia,—,—,Não,"Acerto físico 10+ regenera 1 PE; 12+ zera custo da próxima Conjuração do turno",Aperfeiçoar Regeneração: regenera PE com 8+,Moldar Energia: ganha PE Temp. ao ser alvo de Conjuração/Dano Mágico
Combatente,Legionário Místico,Poder Rúnico,1,—,Sim,"Ao acertar Ataque Físico, ganha Runa; desfazer reduz dano em 1d8 ou dá +1 num teste",Poder Escondido: remove custo de PE,Técnica Cinzenta: ganha Runa adicional
Combatente,Legionário Místico,Passos do Legionário,—,—,Sim,Teste de Destino Dif.10 ignora um ataque e teleporta 2m,Fluxo Místico: teleporta 4m e +1 no próximo teste,Técnica Sinérgica: reduz Dif. a cada falha (some ao passar)
Combatente,Legionário Místico,Relicário Cinzento,—,—,Não,"Guarda/evoca Armamento ou Escudo; acerto 10+ cria réplica espectral (dano = metade do PE máx.)",Adepto das Forças Místicas: ativa com 8+,Poder do Relicário: réplica aplica a Propriedade da arma
Combatente,Soberano,Mestre de Armas,—,—,Não,"Evolui Perito com Armamentos Corpo a Corpo: bônus com Armamentos Leves/Pesados duplos e Ciclone de Aço",Técnica Devastadora: Inaptidão no teste de Defesa do Ciclone de Aço,Armamento Favorito: +1 Dano Base num tipo de arma escolhido
Combatente,Soberano,Máquina de Combate,—,—,Não,"Evolui Adrenalina: bônus dobra (2x Brutalidade) ao ser ferido; ganha Corrida extra",Soberania de Agrenthor: ignora Resistência Física + Brutalidade ganha metade do Vigor,Frenesi: +1d20 no próximo dano ao matar um Alvo próximo
Combatente,Soberano,Titã,—,—,Não,"Na metade do PV: Ataque Extra ao ser ferido, +1 Brutalidade, +1 Tamanho, imune a Lentidão/Imóvel/deslocamento, Aptidão em Brutalidade",Obliterador: Movimentação extra + Aptidão no Ataque Extra,Força da Montanha: imune a Fratura/Caído; Aptidão vira Aprimorada
Combatente,Soberano,Impacto Destrutivo,2,Ação Rápida,Não,"Ataque físico força Vigor ou recebe Atordoado/Fratura; crítico aplica Inaptidão no teste",Peso da Montanha: Dif. escala a cada 2 Brutalidade,Técnica Brutal: vira Ação Acelerada
Combatente,Soberano,Ataques Descontrolados,—,—,Não,Ataque extra contra novo Alvo com dano reduzido pela metade (1x/turno),Peso do Gigante: ataque extra com dano total,Golpe Inesperado: novo Alvo tem Inaptidão na Defesa
Combatente,Soberano,Presença do Executor,—,Iniciativa,Não,"Inimigos a 2m no início do turno com Espírito falho usam metade de Precisão/Canalização",Maestria do Carrasco: dobra alcance + bloqueia Movimentação,Peso do Executor: +2 Dif.
Combatente,Soberano,Grito de Guerra,2,—,Não,"Ao acertar, você e aliados a 2m ganham Aptidão no próximo teste de Parâmetro",Grito Encorajador: dobra alcance + Corrida para aliados,Grito Desencorajador: inimigos no alcance recebem -1 no próximo teste
Combatente,Soberano,Sobrepujar,3,Ação Rápida,Não,Substitui teste de Espírito por Vigor; Vigor sempre tem -1 Dif.,Corpo de Aço: usa 2x na rodada,Resistência Natural: -1 Dif. adicional em Vigor
Devoto,Avatar,Conexão Divina,—,—,Não,Evolui Centelha de Édona: cada Centelha ganha efeito extra (imunidade a Inaptidão/dano dobrado por Espírito),Resguardo de Édona: dura até o próximo Repouso,Manejo do Escolhido: usa Centelha 1x extra sem custo de Ação e sem PE
Devoto,Avatar,Escolhido de Édona,—,—,Não,"Evolui Dádiva de Édona: cada plano ganha efeito extra (evitar efeito negativo / reusar Aprimoramento / +1 teste ao gastar PE)",Energias Divinas: +1 em Testes de Destino,Destino Agraciado: +1 em Testes de Destino
Devoto,Avatar,Presença do Plano Superior,5,Ação Ativa,Sim,"Foco: força inimigos a 6m a Espírito Dif.10 ou perdem uma Ação na rodada (1x/Alvo/rodada)",Poder de Édona: dobra alcance e remove status de Foco,O Verdadeiro Agraciado: vira Ação Acelerada
Devoto,Avatar,Herança Divina,2,Ação Simples,Sim,"Aplica Habilidades de Legado escolhidas em um Alvo a 6m por 10 min",Expandir as Forças Divinas: vira Ação Acelerada,Chegada dos Planos: +1 Alvo (por ponto de Espírito)
Devoto,Avatar,Desejo de Édona,—,Iniciativa,Não,"Ganha um Desejo: zera um custo de PE ou dá +Espírito num teste, usável a qualquer momento",Portador da Palavra Antiga: pode anular um dano completamente,Compartilhar O Desejo Divino: pode dar o Desejo a um Alvo a 6m
Devoto,Avatar,Decreto da Balança,—,—,Não,"Escolhe: dá Aptidão a aliado que falhou, ou Inaptidão a inimigo que passou (1x/rodada)",Maestria da Balança: usa 2x na rodada (mesmo efeito),Estender Favor Divino: efeito dura 2 testes
Devoto,Avatar,Resplendor da Ordem,3,Ação Simples,Sim,"Aliado a 6m: quem tentar atacá-lo deve passar em Espírito Dif.10 ou mudar de Alvo",Força da Ordem: +2 Dif.,Poder da Ordem: vira Ação Acelerada
Devoto,Avatar,Rancor do Caos,2,Ação Rápida,Sim,"Ao aliado ser ferido, atacante falha em Espírito Dif.10 e recebe dano imaterial = PE máximo",Força do Caos: +2 Dif.,Poder do Caos: usa 2x na rodada
Devoto,Espiritualista,Conectar as Linhas,—,—,Não,Evolui Aspecto da Grandeza: valor do bônus dobra (2x Espírito),Elevar Grandeza: efeito não pode ser removido por inimigos,Naturalidade Mística: efeito ocorre 2x na rodada
Devoto,Espiritualista,Andarilho dos Planos Espirituais,—,—,Não,"Evolui Elo Espiritual: compartilha outros Efeitos Positivos recebidos; Alvo ignora Incapacitado a 0 PV (ainda sofre Exaustão/Dado de Morte)",Presente Espiritual: regenera 1 PE em acerto 8+,Negar o Muro do Silêncio: Teste de Destino evita a Exaustão ao cair a 0 PV
Devoto,Espiritualista,Elo do Destino,2,Ação Simples,Sim,"Condição Mágica 1 min: quem ferir você recebe dano imaterial = PE máximo (1x/rodada)",Acelerar Conexão: +1 Alvo (a cada 3 Espírito),Peso do Elo: +2 Dif.
Devoto,Espiritualista,Peregrino das Almas,—,—,Não,"Exaustão máxima vira 7 (morte só no 7º); reduz efeitos de Exaustão pela metade; redireciona Efeitos Positivos de quem Incapacitar",Negar o Limbo: máximo de Exaustão vira 8,Carapaça Espiritual: remove +1 Exaustão no Repouso; reduz dano pela metade em Alvos protegidos a 0 PV
Devoto,Espiritualista,Espíritos Anciões,3,Ação Ativa,Sim,"Invoca Espíritos Anciões (qtd = Espírito+1); consome 1 para retaliar dano em aliado protegido (Espírito Dif.10)",Rasgo Espiritual: vira Ação Acelerada,Espíritos Antigos: +2 Dif.
Devoto,Espiritualista,Controle de Essência,4,Ação Rápida,Sim,"Ao ferir um Alvo, força Espírito Dif.10 ou ele realiza uma Ação Ativa controlada por você (não pode se ferir)",Reverter Gastos: sucesso do Alvo regenera 2 PE a você + Inaptidão nele,Forçar Essência: +2 Dif.
Devoto,Espiritualista,Corte Espiritual,2,Ação Rápida,Sim,"Ao ser ferido, retalia com dano imaterial (1d6 + 1d6/Espírito), metade se passar em Espírito Dif.10",Fraturar a Alma: +2 Dif.,Arauto da Determinação: usa 2x na rodada
Devoto,Espiritualista,Colecionador de Almas,—,—,Não,"Ganha Fragmentos de Alma (Repouso/mortes próximas); gasta para reduzir custo de PE ou ganhar Característica temporária Não-Vivo",Ceifeiro: mais Fragmentos por Repouso e por morte,Abraçar a Não-Vida: ganha Característica adicional do mesmo livro/dificuldade
Devoto,Oculto,Banquete de Galguroth,—,—,Não,"Evolui Poder Abissal: +1 Alvo; Foco só sai se ambos removerem",Saborear a Dor: ganha PVT = metade do dano do Poder Abissal,Graça de Galguroth: vira Ação Acelerada
Devoto,Oculto,Favor de Azharkun,—,—,Não,"Evolui Presente do Abismo: dano aplica Torpor Abissal (-1 Resultado Natural); cura aplica Sentença do Vazio (retorna metade como cura futura)",Recompensa Sombria: Teste de Destino regenera 2 PE ao usar,Graça de Azharkun: ambos os efeitos ocorrem 2x
Devoto,Oculto,Arauto de Baalshadar,4,Ação Simples,Sim,"Transformação 10 min: ganha Voar + 3 Características Abissais fixas + Resistência [Trevas]",Entregar-se às Trevas: vira Ação Acelerada,Graça de Baalshadar: Características ganham Ascensão Abissal
Devoto,Oculto,Esplendor de Zenash,—,—,Não,"Inimigos a 3m no início do turno: Espírito Dif.10 ou Lentidão + custo de PE futuro +2",Olhar o Vazio: +2 Dif.,Graça de Zenash: Inaptidão no teste
Devoto,Oculto,Templo de Yagsharaq,3,Ação Simples,Sim,"Lodo sombrio te acompanha; inimigos a 3m: Defesa Dif.10 ou 1d20 Trevas + Imóvel",Pântano Abissal: +2 Dif.,Graça de Yagsharaq: dobra alcance e -1 PE
Devoto,Oculto,Pactos Abissais,—,—,Não,"Escolhe 1 de 7 Poderes de Pacto (Azharkun/Baalshadar/Galguroth/Kherzala/Traxsaron/Yagsharaq/Zenash), cada um com efeito passivo único; converte dano Neutro em Trevas",Dádiva do Abismo: Inaptidões não anulam Aptidões + Idioma Abissal,Adaptação Abissal: esconde transformação + reusa 3º efeito do Pacto antes do Repouso
Devoto,Oculto,Decreto de Kherzala,3,Ação Ativa,Sim,"Área 3m (Espírito Dif.10): dano Trevas = PE máx. + Corrupção (1º dano do turno vira Trevas = PE máx.)",Peso da Verdade Sombria: +2 Dif.,Graça de Kherzala: vira Ação Acelerada
Devoto,Oculto,Glória de Traxsaron,—,Iniciativa,Sim,"Acerto 10+ soma metade do PE máx. como Trevas; escolhe Energia Abissal (retalia PE) ou Retribuição Abissal (retalia dano)",Revestimento Abissal: recebe ambos os efeitos,Graça de Traxsaron: retaliações ficam mais fortes
Devoto,Paladino,Campeão Sagrado,—,—,Não,"Evolui Lampejo Celestial: dano = PE máximo; dano de Luz reduz o próximo dano do Alvo em 1d8",Poder da Luz: redução vira 1d12,Duplicar Lampejo: metade do dano também atinge Alvo adicional a 6m
Devoto,Paladino,Resguardo Celeste,—,—,Não,"Evolui Bênção Radiante: dano = PE máximo; aliados podem ignorar 1 Inaptidão/rodada",Graça Radiante: ignora uma 2ª Inaptidão na rodada,Poder Sagrado: +1 Alvo (a cada 3 Espírito)
Devoto,Paladino,Abraçar a Luz,—,—,Não,"Ao cair a 0 PV, próximo Repouso vira Completo (1x/24h); converte dano Neutro em Luz; Luz pode Atordoar (Teste de Destino)",Presente de Ofir: só morre no PV máximo negativo + Idioma Celestial,Adaptação Celestial: efeito de Repouso Completo a cada 12h
Devoto,Paladino,Arauto de Ofir,4,Ação Simples,Sim,"Transformação 10 min: Voar + 3 Características Celestiais fixas + Resistência [Luz]",Entregar-se à Luz: vira Ação Acelerada,Ascensão: Características ganham Ascensão Celestial
Devoto,Paladino,Arsenal Dourado,—,Iniciativa,Não,"Transforma equipamento em Celestial: bônus de Bloqueio/testes (armadura) ou +1d12 Luz/testes (arma)",Portador da Luz: recebe os dois efeitos,Expurgo Radiante: causa dano de Luz em área ao ativar
Devoto,Paladino,Intercessão Sacra,5,Ação Rápida,Sim,Concede Imunidade total a um Alvo a 6m até o fim do turno,Santuário de Ofir: +1 Alvo (a cada 3 Espírito),Caminhante de Ofir: vira Ação Acelerada
Devoto,Paladino,Escolhido dos Arcontes,—,—,Não,"Na metade do PV, escolhe 1 de 7 bênçãos temáticas de área (buff aliados/debuff inimigos); 1x por Repouso",Suplicar: pode usar mais uma vez antes do Repouso,Deprecação de Hanuel: realiza 2 efeitos ao mesmo tempo
Devoto,Paladino,Proteção do Íntegro,3,Ação Ativa,Sim,"Foco: aliados a 3m reduzem Crítico pela metade e regeneram PV ao serem feridos (1x/rodada/Alvo)",Reflexo dos Arcontes: dobra alcance e remove status de Foco,Chegada do Protetor: vira Ação Acelerada
Devoto,Sacerdote,Renovador,—,—,Não,"Evolui Revitalizar: +1 dado a cada 3 Espírito se Alvo estiver com menos da metade do PV; Consagrar remove Fratura também",Curandeiro: +1 categoria de dado na cura,Mestre Purificador: usa Consagrar sem gastar Revitalizar (a 8m)
Devoto,Sacerdote,Resguardar o Véu,—,—,Não,Evolui Barreira Protetora: +1 categoria de dado no PVT e +1 Alvo,Barreira Fortificada: +1 categoria de dado adicional,Barreira Adicional: +1 Alvo adicional
Devoto,Sacerdote,Fortificar a Vida,2,Ação Rápida,Sim,Aplica Amplificar numa regeneração de PV vigente,Regeneração Sinérgica: reduz custo do próximo uso (até zero),Renovação Rápida: usa 2x na rodada
Devoto,Sacerdote,Energia Revigorante,3,Ação Ativa,Sim,"Regenera PE máximo em PV a um Alvo a 8m; +1 Alvo a cada 3 Canalização; remove PV Negativos (fica com 1)",Energia Pura: dobra alcance e -1 PE,Simplicidade Mística: +1 Alvo a cada 2 Canalização
Devoto,Sacerdote,Alvorecer a Esperança,—,Iniciativa,Sim,"Aliados a 8m: se Incapacitarem no combate, ganham Dádiva do Artesão",Proteger os Enfermos: concede 2 Dádivas,Alvorecer a Vida: ao Incapacitar cura aliados a 4m com 1d20 (+1d20/3 Espírito); 1x por Repouso Completo
Devoto,Sacerdote,Marca da Aurora,2,Ação Simples,Sim,"Foco 1 min: Alvo a 8m recebe cura extra = PE máximo quando você curar outro Alvo (1x/turno)",Aurora Célere: vira Ação Acelerada,Potencializar Marca: +1 Alvo
Devoto,Sacerdote,Protetor da Vida,—,Redução,Não,"Na metade do PV (1ª vez/combate): você e aliados a 8m reduzem o próximo dano pela metade",Negar a Dor: reduz os 2 próximos danos,Último Suspiro: também ativa ao chegar a 0 PV
Devoto,Sacerdote,Resguardar a Essência,5,Ação Rápida,Sim,Permite a um Alvo a 8m ignorar 1 ponto de Exaustão que receberia,Afastar a Morte: usa 2x na rodada,Salvar a Todos: -2 PE
Feiticeiro,Arcanista,Maestro das Linhas do Véu,—,—,Não,"Evolui Esfera Espiral Soberana: teste de Agilidade vira Inaptidão; explosão afeta 5m",Destino Inescapável: Inaptidão vira Aprimorada,Poder Massivo: +1 categoria de dado
Feiticeiro,Arcanista,Conhecimento Arcano,—,—,Não,"Evolui Feitiçaria: +3 Feitiços Arcanos; Controlar o Véu grátis; +1 Carga de Armadura Arcana",Maestro Arcano: perder Carga reduz custo da próxima Conjuração (acumula),Fortalecimento Arcano: +1 categoria de dado em Rajada de Energia
Feiticeiro,Arcanista,Cancelar,3,Ação Rápida,Sim,"Cancela Conjuração de Alvo a 8m (Canalização Dif.10); recursos gastos permanecem",Anulação Rápida: usa 2x na rodada,Negar o Véu: Inaptidão no teste
Feiticeiro,Arcanista,Conjuração Dupla,—,—,Não,"Foco: no Repouso, une 2 Conjurações do mesmo tipo de Ação numa Marca Arcana usável metade da Canalização vezes",Arte de Feringer: só gasta o PE da mais cara,Ajuste Arcano: usos = Canalização total (não metade)
Feiticeiro,Arcanista,Evocar Forças Místicas,—,Iniciativa,Sim,"Ganha PE Temp. = metade da Canalização; Danos Mágicos de Conjuração += metade do PE máx. no combate",Resquício de Energia: +1 Arcanismo ao consumir tudo,Soberania Mística: +1 Canalização ao consumir tudo
Feiticeiro,Arcanista,Poder Arcano,—,—,Não,"No início do turno, Arcanismo Dif.12: ganha Rajada grátis, +1 categoria de dado, ou -1 PE numa Conjuração",Magia Desperta: -2 Dif.,Elevar Poder Místico: realiza 2 efeitos ao passar
Feiticeiro,Arcanista,Preservar o Véu,1,Ação Rápida,Sim,Copia uma Conjuração de outro Alvo a 8m num Orbe Arcano reutilizável até o Repouso,Maestria Arcana: mantém até 3 Orbes,Afinidade por Conjurações Preservadas: -1 PE nas cópias
Feiticeiro,Arcanista,Viajante do Véu,—,—,Sim,"Ganha Teleporte (1 PE, move até a Movimentação) e Portal Arcano (portal místico ligado a local visitado)",Lampejo Místico: Teleporte vira Ação Acelerada,Controle de Portais: Portal Arcano custa 1 Exaustão (troca a exaustão de saída)
Feiticeiro,Artífice,Componentes Tecnomágicos (adicional),—,—,Não,"Habilidade adicional grátis: no Repouso, transforma equipamento/material em Componente Tecnomágico (máx. = Canalização+1) usado pelas outras habilidades",—,—
Feiticeiro,Artífice,Aprimoramentos Místicos,—,—,Não,"Evolui Toque do Véu: armadura/escudo retalia dano mágico ao bloquear; arma soma dano mágico extra 1x/rodada + cria prótese mística",Mestre Artífice: efeitos ocorrem 1x adicional na rodada,Toque do Feiticeiro: também aplica um Feitiço Arcano ao equipamento
Feiticeiro,Artífice,Aperfeiçoar Armamentos Mágicos,—,—,Não,"Evolui Perito com Armamentos Mágicos: Berloque dá +1 Canalização; Catalisador ganha Ataque Extra (dano reduzido); +1 Dano Base na arma favorita",Aprimorar Berloques de Energia: dano += Canalização,Aprimorar Catalisadores Místicos: dano += 2x Canalização
Feiticeiro,Artífice,Evolução Simbionte,—,Iniciativa,Não,"Requer Componente: 1 min sem redução de Movimentação, escala superfícies, Ataques Mágicos ignoram Aptidão/Prioridade/Cobertura",Estender Evolução: pode conceder a um aliado a 6m,Experimento Avançado: também ganha Voar e respira debaixo d'água
Feiticeiro,Artífice,Condensar o Véu,2,Ação Rápida,Não,Aplica Amplificar num Dano Mágico já causado,Sincronia de Energias: reduz custo após outra Conjuração (até zero),Adepto do Véu: vira Ação Acelerada
Feiticeiro,Artífice,Controle Gravitacional,3,Ação Simples,Não,"Desloca Alvos (2x Canalização) a 6m (Vigor Dif.10); aliados podem falhar de propósito",Maestria Gravitacional: +2 Dif.,Poder Gravitacional: Inaptidão no teste
Feiticeiro,Artífice,Mecanismo de Ataque,2,Ação Ativa,Não,"Foco 10min, requer Componente: cria Estrutura (Capacidade=Canalização+1) que dispara dano mágico = PE máx.; ou vira Montaria fora de combate",Aperfeiçoar Mecanismos de Ataque: +2 Dif. do disparo,Aproveitar Recursos: remove custo de PE
Feiticeiro,Artífice,Mecanismo de Defesa,2,Ação Ativa,Não,"Foco 10min, requer Componente: Estrutura pode gastar Capacidade para bônus de Defesa de aliado; ou vira sentinela (detecção) fora de combate",Criador Experiente: dobra Capacidade,Segredo do Artífice: remove custo de PE
Feiticeiro,Artífice,Criar Ajudante,1,Ação Simples,Não,"Requer Componente: cria Ajudante (Capacidade=Canalização+1) que permite conjurar à distância e estabilizar Incapacitados",Estabilizador de Emergência: vira Ação Acelerada,Aperfeiçoar Criação: Ajudante ganha Voar e escalar
Feiticeiro,Elementalista,Cineses Elementais,—,—,Não,"Evolui Moldar Elemento: dano elemental aplica Cinese; 2 Cineses diferentes combinam em 1 de 15 efeitos únicos",Aptidão Elemental: mantém uma Cinese ao combinar,Contato Elemental: remove custo de PE de Moldar Elemento
Feiticeiro,Elementalista,Conjurador Cataclísmico,—,—,Não,Evolui Campo Elemental: pode forçar Vigor Dif.10 na área para causar o dano da habilidade,Ímpeto Elemental: vira Ação Acelerada,Poder Destrutivo: +1 categoria de dado
Feiticeiro,Elementalista,Alma Dracônica,—,Transformação/Redução,Não,"Na metade do PV: Transformação com Núcleo Elemental à escolha, Evocação Mística vira dano elemental",Mestre dos Elementos: Furor não afeta aliados + Dano Mágico += Arcanismo,Despertar Dracônico: pode ativar no 1º turno (1x/Repouso)
Feiticeiro,Elementalista,Conjurador Vulcânico (Fogo+Terra),3,—,Sim,"Ganha Lança de Fogo (dano crescente) e Escamas de Pedra (Foco: reduz dano, imune a Lentidão/Fratura/Caído)",Véu Ígneo: Resistência [Fogo] + -1 PE Lança de Fogo,Véu Rígido: Resistência [Terra] + -1 PE Escamas de Pedra
Feiticeiro,Elementalista,Arauto da Voragem (Água+Trovão),3,—,Sim,"Ganha Maremoto (empurra em linha, Fratura/Caído/Atordoado) e Cortina de Raios (Foco: dano de área contínuo)",Véu Aquático: Resistência [Água] + -1 PE Maremoto,Véu Trovejante: Resistência [Trovão] + -1 PE Cortina de Raios
Feiticeiro,Elementalista,Caminhante da Nevasca (Vento+Gelo),3,—,Sim,"Ganha Parede de Vento (Foco: bloqueia ataques à distância) e Trilha Gélida (rastro de gelo que imobiliza)",Véu Tempestuoso: Resistência [Vento] + -1 PE Parede de Vento,Véu Gélido: Resistência [Gelo] + -1 PE Trilha Gélida
Feiticeiro,Elementalista,Explosão Elemental,1,Ação Rápida,Sim,"Ao ser atacado, retalia com dano elemental à escolha = PE máx. (Agilidade Dif.10)",Potencializar Explosão: +2 Dif.,Implosão Célere: usa 2x na rodada
Feiticeiro,Elementalista,Presença do Senhor dos Elementos,—,Iniciativa,Sim,"Escolhe elemento; no fim do turno dispara dano elemental crescente (Agilidade Dif.10)",Força dos Elementos: +2 Dif.,Poder dos Elementos: +1 categoria de dado
Feiticeiro,Fiandeiro de Sangue,Ensinamentos de Akratya,—,—,Não,"Evolui Explosão de Sangue: Sangramento ativa com 8 (não 6); ganha Contágio Carmesim (espalha Sangramento por PV)",Implosão Sangrenta: +1 categoria de dado,Chuva Carmesim: Inaptidão no teste de Vigor de Contágio
Feiticeiro,Fiandeiro de Sangue,Assecla dos Falsos Deuses,—,—,Não,Evolui Rituais Sangrentos: Poder Carmesim aumenta todos os Parâmetros,Espalhar Ligação: reaplica Ligação de Sangue ao matar o Alvo,Opressão Sangrenta: Inaptidão no teste de Espírito da Ligação
Feiticeiro,Fiandeiro de Sangue,Decreto Carmesim,X PV,Ação Simples,Sim,"Foco 1 min: armazena dano causado na área num orbe; libera como Dano Imaterial em área",Obliteração Carmesim: +2 Dif. do teste de Agilidade,Sacrifício Controlado: libera com Ação Rápida em vez de Ativa
Feiticeiro,Fiandeiro de Sangue,Sifão Carmesim,—,Iniciativa,Sim,"Dano imaterial em área (Vigor Dif.10); converte dano causado em Sangue Extra (usa como X PV depois)",Soberania Sangrenta: +2 Dif.,Aprimorar Mandala: Inaptidão no teste de Vigor
Feiticeiro,Fiandeiro de Sangue,Magia de Sangue,X PV,—,Sim,"1x/rodada grátis: +dano em ataque, re-rola teste, +Dif. num Alvo, ou reduz custo de PE pela metade; cura ao matar perto",Mestre do Sangue: 2 PE reduz um custo de PV pela metade,Carapaça de Sangue: ganha PVT ao gastar PV numa Conjuração
Feiticeiro,Fiandeiro de Sangue,Manipular a Carne,X PV,Ação Rápida,Sim,Reanima cadáver/Incapacitado por 1 ação: Corrida + Ataque Extra controlados por você,Reanimação Completa: dá Movimentação + Ação Simples em vez de Corrida,Controle de Corpos: Ataque Extra ganha Aptidão
Feiticeiro,Fiandeiro de Sangue,Último Flagelo,—,—,Não,"Ao Incapacitar, explode dano imaterial em área + aplica Sangramento/Envenenado (Vigor/Espírito Dif.10)",Infecção Enfraquecedora: também aplica Enfraquecido,Sangue Entrópico: +2 Dif. nos dois testes
Feiticeiro,Fiandeiro de Sangue,Tecelão de Aberrações,—,—,Não,"No Repouso, cria Aberração de Sangue (criatura aliada) a partir de cadáver, sacrificando PV/Parâmetros para fortalecê-la",Criação Única: mantém até 4 Habilidades/Características,Elevar Criatura: +1 categoria de dado no Golpe Brutal/Evocação da Aberração
Feiticeiro,Regulador,Modelador de Destinos,—,—,Não,Evolui Manipular a Fenda: escolhe dar Aptidão ou Inaptidão no teste refeito,Alterar Probabilidades: +1 Alvo (a cada 3 Canalização),Compartilhar Destino: ganha Aptidão quando aplica em inimigo (1x/rodada)
Feiticeiro,Regulador,Alteração Temporal,—,—,Não,"Evolui Velocidade Mística: força inimigos (Espírito Dif.10) a perder a Ação Ativa na 1ª rodada",Campo de Aceleração: Aptidão em Agilidade na Iniciativa (você e aliados),Campo de Desaceleração: Inaptidão em Agilidade na Iniciativa dos inimigos
Feiticeiro,Regulador,Deslizar pelo Tempo,—,—,Não,"1x/Repouso Completo: evita gastar Ação Ativa/Simples de uma habilidade; ganha Ação Rápida extra na rodada",Senhor do Tempo: passa a ocorrer a cada Repouso,Ignorar Infortúnios: só pode ser afetado 1x/rodada por Ação Rápida inimiga
Feiticeiro,Regulador,Modelar o Véu,2,Ação Rápida,Sim,"Ganha Expandir/Reduzir/Moldar Conjuração (ajusta nº de Alvos ou área de Conjurações próximas)",Ignorar a Realidade: uma delas vira Ação Acelerada 1x/rodada,Modelador Arcano: efeitos escalam a cada 2 Canalização (não 3)
Feiticeiro,Regulador,Augúrio Temporal,2,Ação Ativa,Sim,"Alvo a 6m: se atacar você/aliado até seu próximo turno, tem -1d4 no próximo teste",Sentença do Tempo: +1 categoria de dado,Condenação em Massa: +1 Alvo (a cada 3 Canalização)
Feiticeiro,Regulador,Presente de Unala,—,—,Sim,"No Repouso, preserva resultados de Teste de Destino (qtd a cada 3 Canalização) para substituir um teste depois",Campeão de Unala: preserva a cada 2 Canalização,Presente do Destino: rola 2d12 e escolhe qual preservar
Feiticeiro,Regulador,Truque Temporal,4,Ação Ativa,Sim,Concede a um Alvo a 6m uma Movimentação + Ação (controlada por você),Ação Surpresa: vira Ação Acelerada,Manejar as Cordas: dobra alcance e -1 PE
Feiticeiro,Regulador,Lampejo Arcano,3,Ação Simples,Sim,"Troca dois Alvos de lugar a 8m entre si; inimigo pode resistir (Espírito Dif.10)",Piscar a Realidade: vira Ação Acelerada,Debilitar Espírito: Inaptidão no teste
Ladino,Assassino,Instinto Assassino,—,—,Não,"Evolui Ladinagem: Maestria Assassina escala por Destreza; Perito em Arremesso +2m e ignora Meia Cobertura; Sem Escapatória imobiliza",Ponto Crítico: +1 categoria de dado em Maestria Assassina,Acerto Oportunista: Aptidão Aprimorada no Ataque Extra de Sem Escapatória
Ladino,Assassino,Um Passo à Frente,—,—,Não,Evolui Emboscar: ganha Ação Simples antes do primeiro Alvo agir na 1ª rodada,Troca Justa: troca a Ação Simples por um Ataque,Ação Imediata: a Ação Simples não custa PE
Ladino,Assassino,Mutilar,—,—,Não,"Acerto 10+ aplica/fortalece Sangramento (bloqueia Aptidão/Prioridade em Defesa)",Mutilação Rápida: ativa com Resultado Natural 8,Feridas Graves: Sangramento ocorre 2x na rodada
Ladino,Assassino,Marca do Assassino,—,—,Não,"Acumula até 3 Marcas num Alvo (dano vira marca): 1=bloqueia Foco/Movimentação, 2=reduz danos/curas dele, 3=bloqueia Aptidão/Prioridade contra você",Utilizar Marcas: remove 2 Marcas para ganhar Aptidão,Cicatriz do Assassino: Alvo marcado perde e não recebe PVT/PET
Ladino,Assassino,Alvo Principal,3,Ação Simples,Não,"Foco: Aptidão em Precisão/Canalização/Percepção contra um Alvo até o fim do combate; reduz Dif. de Crítico",Iniciar Missão: pode usar como Iniciativa sem custo,Adaptar Missão: reusa grátis se o Alvo Incapacitar
Ladino,Assassino,Dança das Lâminas,4,Ação Ativa,Não,"Movimentação livre + Ataque Extra em cada Alvo no trajeto (máx = Precisão, mín 1)",Movimentação Mortal: dobra a Movimentação e -1 PE,Manobras Rápidas: Aptidão no Ataque Extra
Ladino,Assassino,Portador da Ruína,3,Ação Rápida,Não,"-1 Dif. de Crítico no turno; reduz o próprio custo a cada acerto sem crítico (reseta ao critar)",Finalizar: vira Ação Acelerada,Recompensa Justa: realiza os dois efeitos de Acerto Crítico
Ladino,Assassino,Toxicologia Arcana,2,Ação Simples,Sim,"Foco 1 min: dano aplica Rancor da Víbora (+dano recebido) ou Angústia do Escorpião (perde PE ao agir)",Mixólogo Místico: aplica os dois efeitos,Truques Proibidos: remove custo de PE e status de Foco
Ladino,Atirador,Atirador de Elite,—,—,Não,"Evolui Disparo Debilitante: Parte Inferior bloqueia Movimentação; Parte Superior vira Inaptidão Aprimorada; Parte Vital reduz Dif. de Crítico",Disparo Inesperado: Inaptidão no teste de Vigor,Disparo Crítico: -1 Dif. de Crítico com Disparo Debilitante
Ladino,Atirador,Mestre com Armamentos à Distância,—,—,Não,"Evolui Perito com Armamentos à Distância: +1 Precisão do Mirar; +Destreza (ou 2x) no dano conforme arma",Disparo Certeiro: ignora Coberturas,Tiro Certo: dano contra Alvo Mirado não pode ser reduzido e ignora PVT
Ladino,Atirador,Projétil Explosivo,3,Ação Ativa,Sim,"Ataque à distância cria explosão de área com dano mágico elemental à escolha = PE máximo",Atirador Arcano: dobra alcance e -1 PE,Técnica Surpresa: próximo dano mágico do Alvo é Amplificado
Ladino,Atirador,Ricochete,3,Ação Ativa,Não,"Ataque à distância ricocheteia em 2º Alvo a 2m (Defesa vs. resultado já obtido, metade do dano)",Ângulo Perfeito: dobra alcance do ricochete e -1 PE,Projétil Inesperado: ricocheteia em um 3º Alvo
Ladino,Atirador,Sentinela,—,Iniciativa,Não,Interrompe a Movimentação de um Alvo no alcance com um Ataque Físico (1x/rodada),Preparo do Sentinela: ocorre 2x na rodada,Disparo Surpresa: Aptidão no Ataque Físico
Ladino,Atirador,Disparo Rápido,3,Ação Rápida,Não,Após acertar realiza Ataque Extra à distância no mesmo Alvo,Agilidade Descomunal: Ataque Extra ganha +metade da Destreza em Precisão,Reflexos Rápidos: Aptidão no Ataque Extra
Ladino,Atirador,Sensor,1,Ação Simples,Sim,"Vê invisíveis/ilusões/no escuro no turno; acerto 10+ aplica Imóvel",Prática do Atirador: ativa com Resultado Natural 8,Reconhecedor Nato: vira Ação Acelerada
Ladino,Atirador,Interceptar,3,Ação Rápida,Não,"Testa Precisão vs. Defesa para anular um ataque à distância recebido, causando 2x Destreza em dano físico",Interceptador: usa 2x na rodada,Ataque Veloz: Aptidão no teste de Precisão
Ladino,Duelista,Mestre da Arena,—,—,Não,"Evolui Estilo Único: 2º golpe do Combate Híbrido/Esgrimista ganha +2x Destreza de dano; ganha Esquiva Sobrenatural (+metade Destreza em Agilidade, 1x/rodada)",Recompensa da Arena: Aptidão no próximo ataque ao acertar os 2 golpes,Mestre do Duelo: Ataque Extra imediato ao acertar os 2 golpes
Ladino,Duelista,Retaliação,—,—,Não,Evolui Revidar: contra-ataque ganha Aptidão,Virtuosidade de Combate: usa Revidar 2x na rodada,Continuar o Espetáculo: acerto 8+ reduz custo do próximo Revidar
Ladino,Duelista,Abertura de Guarda,—,—,Não,"Sucesso em Agilidade 10+ contra Precisão/Canalização do Alvo: Ataque Extra (1x/turno, mesmo já tendo usado outro)",Achar Aberturas: ativa com Resultado Natural 8,Ponto Certo: Aptidão Aprimorada no Ataque Extra
Ladino,Duelista,Ataque Surpresa,3,Ação Rápida,Não,"Após aliado acertar um Alvo no seu alcance, você ganha Ataque Extra nele",Seguir a Vitória: usa 2x na rodada,Ataque Ágil: converte em Ataque Físico/Mágico completo
Ladino,Duelista,Ímpeto do Duelista,—,Iniciativa,Não,"+1 em Precisão/Canalização/Defesa na 1ª rodada; ganha Aptidão do Duelista (Aptidão dobrada em +1) até o fim do combate",Manter o Foco: efeitos duram mais 1 rodada,Ímpeto Descomunal: +1 no bônus de Aptidão do Duelista
Ladino,Duelista,Ataque Adicional,5,Ação Simples,Não,Realiza um Ataque Físico ou Mágico extra contra um Alvo no alcance,Ataque Fantasma: Precisão/Canalização imunes a redução; ignora Prioridade na Defesa,Aprender com as Falhas: Aptidão no ataque
Ladino,Duelista,Postura Ágil,—,Ação Simples,Não,Imune a redução de Agilidade até o próximo turno; sucesso em Agilidade dá Corrida grátis,Combate Natural: vira Ação Acelerada,Disparada: dá Movimentação em vez de Corrida
Ladino,Duelista,Concentração,—,—,Não,"Acumula até 3 pontos ao acertar: 1=Prioridade em Parâmetros, 2=Aptidão vira Aprimorada 1x/rodada, 3=refaz teste de Precisão/Canalização 1x/rodada",Jogo Sujo: gasta 1 ponto para aplicar Inaptidão a inimigo próximo,Campeão da Arena: Movimentação protegida + regenera PV por ponto de Concentração
Ladino,Sombra,Véu da Noite,—,—,Não,"Evolui Manto das Sombras: +1 Precisão/Canalização e atravessa estruturas enquanto Invisível",Ritual Sombrio: +1 no valor concedido,Golpe Sombrio: Aptidão de Furtivo vira Aprimorada
Ladino,Sombra,Peso das Sombras,—,—,Não,"Evolui Marca Sombria: +1 Alvo; marcados também recebem Lentidão",Sussurrante da Noite: vira Ação Acelerada,Opressão Sombria: regenera 1 PE quando o Alvo falha em remover a marca
Ladino,Sombra,Estigma,—,—,Não,"Ao ferir, aplica Estigma (1 min); pode gastá-lo a 8m para Grilhões Sombrios (bloqueia Movimentação) ou Passo das Sombras (teleporte + rastreio)",Truques da Noite: as 2 técnicas ficam sem custo de Ação,Sentença Sombria: aplica Estigma também ao ser ferido; não some ao usar Passo das Sombras
Ladino,Sombra,Arte do Subterfúgio,—,—,Não,"Enquanto Invisível/Furtivo: +2m Movimentação, regenera 1 PE por turno, sucesso automático em Agilidade contra dano em área",Servo das Sombras: dobra todos os valores,Presente da Noite: escala superfícies e dobra Saltos
Ladino,Sombra,Técnica Secreta,5,Ação Rápida,Sim,"Ignora um ataque/Condição recebido, teleporta 4m e retalia com Dano Imaterial = PE máx. (Vigor Dif.10)",Romper o Corpo: +2 Dif.,Movimentos Inesperados: usa 2x na rodada
Ladino,Sombra,Estratagema das Sombras,2,Ação Simples,Sim,"Ao ser ferido, força Espírito Dif.10 ou o próximo teste do Alvo usa d10 em vez de d12",Desfazer Defesas: +2 Dif.,Movimento Sombrio: vira Ação Acelerada
Ladino,Sombra,Sombra Gêmea,4,Ação Ativa,Sim,"Foco 1 min: cria réplica que ataca junto (metade do dano, como Dano Imaterial), imune a ataques",Ataques Turvos: Ataque da Sombra Gêmea ganha Aptidão,Convocação Rápida: vira Ação Acelerada
Ladino,Sombra,Abraço da Noite,—,Iniciativa/Transformação,Não,"Escolhe 1 de 3 poderes sombrios até o fim do combate (Caerngron: reduz dano+mobilidade; Mortúmbrea: retalia Condição falha+imunidades; Nistragard: regen. PV+redireciona ataques)",Andarilho do Reino da Noite: pode trocar o poder por 1 Ação Ativa,Conceder o Presente Sombrio: transfere o poder a um aliado ao Incapacitar
Ladino,Trapaceiro,Gambiarra Mística,—,—,Não,"Evolui Armadilhas Místicas: -1 PE, +2m de alcance de ativação, pode substituir efeito por outra Conjuração sua",Truque Surpresa: +2 Dif. das armadilhas Atordoante/Tóxica,Aprimorar Armadilhas: Inaptidão nos testes dessas armadilhas
Ladino,Trapaceiro,Mestre dos Espelhos,—,—,Não,"Evolui Reflexo Enganador: +1 Capacidade da ilusão; pode mover a ilusão 4m no início do turno",Replicar a Realidade: quem destruir a ilusão fica Atordoado,Reflexo dos Espelhos: ataques contra a ilusão têm Inaptidão
Ladino,Trapaceiro,Quebrar as Regras,—,—,Não,"Escolhe 1 de 3 imunidades (Negar Iniciativa / Negar Ataques 1x/combate / Negar Enfermos 1x/combate)",Truque Avançado: ganha mais um efeito não escolhido,Artimanha Pessoal: ganha o último efeito restante
Ladino,Trapaceiro,Aprisionar Destino,3,Ação Simples,Sim,"Condição 1 min: vincula 2 Alvos, um recebe os efeitos negativos do outro",Reprender Opositores: +2 Dif.,Gestos Mágicos: vira Ação Acelerada
Ladino,Trapaceiro,Mímica Mística,5,Ação Rápida,Sim,"Copia uma Conjuração alheia a 6m, sem custo de PE/PV, usando metade do Parâmetro/Poder original",Mimetismo: vira Ação Acelerada,Aperfeiçoar Cópia: usa o Parâmetro/Poder total (não metade)
Ladino,Trapaceiro,Força Debilitante,3,Ação Rápida,Sim,"Após ferir um Alvo, força Espírito Dif.10 ou ele só pode usar Movimentação+Ação Ativa OU Simples no próximo turno",Ferimento Arcano: +2 Dif.,Lampejo Debilitante: vira Ação Acelerada
Ladino,Trapaceiro,Miragem Enganosa,—,Iniciativa,Sim,"Área 6m: Terreno Difícil + bloqueia Corridas/Ações Rápidas; sair custa Atordoado (Espírito Dif.10)",Bagunçar a Matriz: Inaptidão no teste,Quebrar a Mente: reduz Percepção Passiva pela metade + Atordoado rola 3 dados
Ladino,Trapaceiro,Alvanel Ilusório,2,Ação Ativa,Sim,"Foco 10min: cria Estrutura ilusória (5 Capacidade) de até 6m que pode aprisionar um Alvo",Construtor Arcano: vira Ação Acelerada,Modelador de Ilusões: deixa de ser Foco (só 1 por vez) e +2m de área
